ID,Type,SKU,"GTIN, UPC, EAN, or ISBN",Name,Published,"Is featured?","Visibility in catalog","Short description",Description,"Date sale price starts","Date sale price ends","Tax status","Tax class","In stock?",Stock,"Low stock amount","Backorders allowed?","Sold individually?","Weight (lbs)","Length (in)","Width (in)","Height (in)","Allow customer reviews?","Purchase note","Sale price","Regular price",Categories,Tags,"Shipping class",Images,"Download limit","Download expiry days",Parent,"Grouped products",Upsells,Cross-sells,"External URL","Button text",Position,Brands,"Blocksy Custom Data","Meta: surerank_seo_checks_last_updated","Meta: site-sidebar-layout","Meta: ast-site-content-layout","Meta: site-content-style","Meta: site-sidebar-style","Meta: theme-transparent-header-meta","Meta: _yoast_wpseo_primary_product_cat","Meta: _yoast_wpseo_content_score","Meta: _yoast_wpseo_estimated-reading-time-minutes","Meta: astra-migrate-meta-layouts","Meta: _wxr_import_user_slug","Meta: _astra_sites_imported_post","Meta: _astra_sites_enable_for_batch","Meta: _uag_css_file_name","Meta: cartflows_redirect_flow_id","Meta: cartflows_add_to_cart_text","Attribute 1 name","Attribute 1 value(s)","Attribute 1 visible","Attribute 1 global"
1524,simple,,,"Almond Pomegranate Hair and Body massage oil",1,0,visible,,,,,taxable,,1,,,0,0,,,,,1,,,15,"Beauty, Uncategorized",,,,,,,,,,,,0,,,1765667101,,,,,,,,,,,,,uag-css-1524.css,,,,,,
1525,simple,,,"Christmas Spcl Anti-Ageing",1,0,visible,,,,,taxable,,1,,,0,1,,,,,1,,,75,"Beauty, Uncategorized",,,,,,,,,,,,0,,,1765667101,,,,,,,,,,,,,uag-css-1525.css,,,,,,
1526,simple,,,"Christmas Spcl-Lipsticks 3",1,0,visible,,,,,taxable,,1,,,0,1,,,,,1,,,50,"Beauty, Uncategorized",,,,,,,,,,,,0,,,1765667101,,,,,,,,,,,,,uag-css-1526.css,,,,,,
1527,simple,,,"Christmas spcl-hair care",1,0,visible,,,,,taxable,,1,,,0,1,,,,,1,,,35,"Beauty, Uncategorized",,,,,,,,,,,,0,,,1765667102,,,,,,,,,,,,,uag-css-1527.css,,,,,,
1528,simple,,,"Pure Aloe Vera Gel",1,1,visible,,,,,taxable,,1,,,0,0,,,,,1,,,5,"Beauty, Uncategorized",,,,,,,,,,,,0,,,1765667102,,,,,,,,,,,,,uag-css-1528.css,,,,,,
1529,simple,,,"Anti-oxidant body lotion",1,0,visible,,,,,taxable,,1,,,0,0,,,,,1,,,18,"Beauty, Uncategorized",,,,,,,,,,,,0,,,1765667102,,,,,,,,,,,,,uag-css-1529.css,,,,,,
1530,simple,,,"Cream Foundation",1,1,visible,,,,,taxable,,1,,,0,0,,,,,1,,,15,"Beauty, Uncategorized",,,,,,,,,,,,0,,,1765667102,,,,,,,,,,,,,uag-css-1530.css,,,,,,
1531,simple,,,"Kajal Eye Liner Pencil",1,0,visible,,,,,taxable,,0,,,0,0,,,,,1,,,16,"Beauty, Uncategorized",,,,,,,,,,,,0,,,1765667102,,,,,,,,,,,,,uag-css-1531.css,,,,,,
1532,simple,,,"Lip Balm",1,0,visible,,,,,taxable,,1,,,0,0,,,,,1,,,15,Beauty,,,https://yogisdepot.com/wp-content/uploads/2025/12/Barva.png,,,,,,,,,0,,,1768711473,default,default,default,default,default,,,,set,,,,uag-css-1532.css,,,,,,
1535,simple,,,"Mango Butter Moisturizer",1,1,visible,,,,,taxable,,1,,,0,0,,,,,1,,,18,"Beauty, Uncategorized",,,,,,,,,,,,0,,,1765667102,,,,,,,,,,,,,uag-css-1535.css,,,,,,
1536,simple,,,"Nourishing natural hair conditioner",1,0,visible,,,,,taxable,,1,,,0,0,,,,,1,,,10,"Beauty, Uncategorized",,,,,,,,,,,,0,,,1765667102,,,,,,,,,,,,,uag-css-1536.css,,,,,,
1537,simple,,,"Perfect Glow BB Cream",1,0,visible,,,,,taxable,,1,,,0,0,,,,,1,,,32,"Beauty, Uncategorized",,,,,,,,,,,,0,,,1765667102,,,,,,,,,,,,,uag-css-1537.css,,,,,,
1538,simple,,,"Refreshing face wash",1,0,visible,,,,,taxable,,1,,,0,0,,,,,1,,,10,"Beauty, Uncategorized",,,,,,,,,,,,0,,,1765667102,,,,,,,,,,,,,uag-css-1538.css,,,,,,
1539,simple,,,"Renew bamboo Exfoliator",1,0,visible,,,,,taxable,,1,,,0,0,,,,,1,,,14,"Beauty, Uncategorized",,,,,,,,,,,,0,,,1765667102,,,,,,,,,,,,,uag-css-1539.css,,,,,,
1540,simple,,,"Revitalizing shampoo",1,0,visible,,,,,taxable,,1,,,0,0,,,,,1,,,15,"Beauty, Uncategorized",,,,,,,,,,,,0,,,1765667102,,,,,,,,,,,,,uag-css-1540.css,,,,,,
1541,simple,,,"Skin Nectar",1,0,visible,,,,,taxable,,1,,,0,0,,,,,1,,,36,"Beauty, Uncategorized",,,,,,,,,,,,0,,,1765667102,,,,,,,,,,,,,uag-css-1541.css,,,,,,
1542,simple,,,"Sunshine Dew Face oil",1,1,visible,,,,,taxable,,1,,,0,0,,,,,1,,,30,"Beauty, Uncategorized",,,,,,,,,,,,0,,,1765667102,,,,,,,,,,,,,uag-css-1542.css,,,,,,
1543,simple,,,"Cream Foundation Dusk",1,0,visible,,,,,taxable,,1,,,0,0,,,,,1,,,15,"Beauty, Uncategorized",,,,,,id:1530,,,,,,0,,,1765667102,,,,,,,,,,,,,uag-css-1543.css,,,color,,1,0
1544,simple,,,"Cream Foundation Luminous",1,0,visible,,,,,taxable,,1,,,0,0,,,,,1,,,15,"Beauty, Uncategorized",,,,,,id:1530,,,,,,0,,,1765667102,,,,,,,,,,,,,uag-css-1544.css,,,color,,1,0
1545,simple,,,"Cream Foundation Rose",1,0,visible,,,,,taxable,,1,,,0,0,,,,,1,,,15,"Beauty, Uncategorized",,,,,,id:1530,,,,,,0,,,1765667102,,,,,,,,,,,,,uag-css-1545.css,,,color,,1,0
1546,simple,,,"Cream Foundation Beige",1,0,visible,,,,,taxable,,1,,,0,0,,,,,1,,,15,"Beauty, Uncategorized",,,,,,id:1530,,,,,,0,,,1765667102,,,,,,,,,,,,,uag-css-1546.css,,,color,,1,0
1547,simple,,,"HighLighter Gold Dust",1,0,visible,,,,,taxable,,1,,,0,0,,,,,1,,,16,"Beauty, Uncategorized",,,,,,,,,,,,0,,,1765667102,,,,,,,,,,,,,uag-css-1547.css,,,color,,1,0
1548,simple,,,"Highlighter Moonshine",1,0,visible,,,,,taxable,,1,,,0,0,,,,,1,,,16,"Beauty, Uncategorized",,,,,,,,,,,,0,,,1765667102,,,,,,,,,,,,,uag-css-1548.css,,,color,,1,0
1549,simple,,,"Lipsticks 1",1,0,visible,,,,,taxable,,1,,,0,0,,,,,1,,,18,"Beauty, Uncategorized",,,,,,,,,,,,0,,,1765667102,,,,,,,,,,,,,uag-css-1549.css,,,color,,1,0
1550,simple,,,"Lipsticks 2",1,0,visible,,,,,taxable,,1,,,0,0,,,,,1,,,18,"Beauty, Uncategorized",,,,,,,,,,,,0,,,1765667102,,,,,,,,,,,,,uag-css-1550.css,,,color,,1,0
1551,simple,,,"Lipsticks 3",1,0,visible,,,,,taxable,,1,,,0,0,,,,,1,,,18,"Beauty, Uncategorized",,,,,,,,,,,,0,,,1765667102,,,,,,,,,,,,,uag-css-1551.css,,,color,,1,0
1552,simple,,,"Lipsticks 4",1,0,visible,,,,,taxable,,1,,,0,0,,,,,1,,,18,"Beauty, Uncategorized",,,,,,,,,,,,0,,,1765667102,,,,,,,,,,,,,uag-css-1552.css,,,color,,1,0
1553,simple,,,"Lipsticks 5",1,0,visible,,,,,taxable,,1,,,0,0,,,,,1,,,18,"Beauty, Uncategorized",,,,,,,,,,,,0,,,1765667102,,,,,,,,,,,,,uag-css-1553.css,,,color,,1,0
1554,simple,,,"Lipsticks 6",1,0,visible,,,,,taxable,,1,,,0,0,,,,,1,,,18,"Beauty, Uncategorized",,,,,,,,,,,,0,,,1765667105,,,,,,,,,,,,,uag-css-1554.css,,,color,,1,0
1555,simple,,,"Lipsticks 7",1,0,visible,,,,,taxable,,1,,,0,0,,,,,1,,,18,"Beauty, Uncategorized",,,,,,,,,,,,0,,,1765667105,,,,,,,,,,,,,uag-css-1555.css,,,color,,1,0
1556,simple,,,"Lipsticks 8",1,0,visible,,,,,taxable,,1,,,0,0,,,,,1,,,18,"Beauty, Uncategorized",,,,,,,,,,,,0,,,1765667105,,,,,,,,,,,,,uag-css-1556.css,,,color,,1,0
1557,simple,,,"Lipsticks 9",1,0,visible,,,,,taxable,,1,,,0,0,,,,,1,,,18,"Beauty, Uncategorized",,,,,,,,,,,,0,,,1765667105,,,,,,,,,,,,,uag-css-1557.css,,,color,,1,0
1558,simple,,,"Lipsticks 10",1,0,visible,,,,,taxable,,1,,,0,0,,,,,1,,,18,"Beauty, Uncategorized",,,,,,,,,,,,0,,,1765667105,,,,,,,,,,,,,uag-css-1558.css,,,color,,1,0
1559,simple,,,"Lipsticks 11",1,0,visible,,,,,taxable,,1,,,0,0,,,,,1,,,18,"Beauty, Uncategorized",,,,,,,,,,,,0,,,1765667105,,,,,,,,,,,,,uag-css-1559.css,,,color,,1,0
1560,simple,,,"Lipsticks 12",1,0,visible,,,,,taxable,,1,,,0,0,,,,,1,,,18,"Beauty, Uncategorized",,,,,,,,,,,,0,,,1765667105,,,,,,,,,,,,,uag-css-1560.css,,,color,,1,0
1561,simple,,,"Lipsticks 13",1,0,visible,,,,,taxable,,1,,,0,0,,,,,1,,,18,"Beauty, Uncategorized",,,,,,,,,,,,0,,,1765667105,,,,,,,,,,,,,uag-css-1561.css,,,color,,1,0
1562,simple,,,"Lipsticks 14",1,0,visible,,,,,taxable,,1,,,0,0,,,,,1,,,18,"Beauty, Uncategorized",,,,,,,,,,,,0,,,1765667106,,,,,,,,,,,,,uag-css-1562.css,,,color,,1,0
1563,simple,,,"Lipsticks 15",1,0,visible,,,,,taxable,,1,,,0,0,,,,,1,,,18,"Beauty, Uncategorized",,,,,,,,,,,,0,,,1765667106,,,,,,,,,,,,,uag-css-1563.css,,,color,,1,0
1564,simple,,,"Lipsticks 16",1,0,visible,,,,,taxable,,1,,,0,0,,,,,1,,,18,"Beauty, Uncategorized",,,,,,,,,,,,0,,,1765667106,,,,,,,,,,,,,uag-css-1564.css,,,color,,1,0
1565,simple,,,"Lipsticks 17",1,0,visible,,,,,taxable,,1,,,0,0,,,,,1,,,18,"Beauty, Uncategorized",,,,,,,,,,,,0,,,1765667106,,,,,,,,,,,,,uag-css-1565.css,,,color,,1,0
1566,simple,,,"Lipsticks 18",1,0,visible,,,,,taxable,,1,,,0,0,,,,,1,,,18,"Beauty, Uncategorized",,,,,,,,,,,,0,,,1765667106,,,,,,,,,,,,,uag-css-1566.css,,,color,,1,0
1653,simple,,,"Almond Pomegranate Hair and Body massage oil",1,0,visible,,,,,taxable,,1,,,0,0,,,,,1,,,15,Beauty,,,,,,,,,,,,0,,,,,,,,,,,,,,,,,,,,,,
1654,simple,,,"Christmas Spcl Anti-Ageing",1,0,visible,,,,,taxable,,1,,,0,1,,,,,1,,,75,Beauty,,,,,,,,,,,,0,,,,,,,,,,,,,,,,,,,,,,
1655,simple,,,"Christmas Spcl-Lipsticks 3",1,0,visible,,,,,taxable,,1,,,0,1,,,,,1,,,50,Beauty,,,,,,,,,,,,0,,,,,,,,,,,,,,,,,,,,,,
1656,simple,,,"Christmas spcl-hair care",1,0,visible,,,,,taxable,,1,,,0,1,,,,,1,,,35,Beauty,,,,,,,,,,,,0,,,,,,,,,,,,,,,,,,,,,,
1657,simple,,,"Pure Aloe Vera Gel",1,1,visible,,,,,taxable,,1,,,0,0,,,,,1,,,5,Beauty,,,,,,,,,,,,0,,,,,,,,,,,,,,,,,,,,,,
1658,simple,,,"Anti-oxidant body lotion",1,0,visible,,,,,taxable,,1,,,0,0,,,,,1,,,18,Beauty,,,,,,,,,,,,0,,,,,,,,,,,,,,,,,,,,,,
1659,simple,,,"Cream Foundation",1,1,visible,,,,,taxable,,1,,,0,0,,,,,1,,,15,Beauty,,,,,,,,,,,,0,,,,,,,,,,,,,,,,,,,,,,
1660,simple,,,"Kajal Eye Liner Pencil",1,0,visible,,,,,taxable,,0,,,0,0,,,,,1,,,16,Beauty,,,,,,,,,,,,0,,,,,,,,,,,,,,,,,,,,,,
1661,simple,,,"Lip Balm",1,0,visible,,,,,taxable,,1,,,0,0,,,,,1,,,15,Beauty,,,https://yogisdepot.com/wp-content/uploads/2025/12/Barva.png,,,,,,,,,0,,,,,,,,,,,,,,,,,,,,,,
1662,simple,,,"Mango Butter Moisturizer",1,1,visible,,,,,taxable,,1,,,0,0,,,,,1,,,18,Beauty,,,,,,,,,,,,0,,,,,,,,,,,,,,,,,,,,,,
1663,simple,,,"Nourishing natural hair conditioner",1,0,visible,,,,,taxable,,1,,,0,0,,,,,1,,,10,Beauty,,,,,,,,,,,,0,,,,,,,,,,,,,,,,,,,,,,
1664,simple,,,"Perfect Glow BB Cream",1,0,visible,,,,,taxable,,1,,,0,0,,,,,1,,,32,Beauty,,,,,,,,,,,,0,,,,,,,,,,,,,,,,,,,,,,
1665,simple,,,"Refreshing face wash",1,0,visible,,,,,taxable,,1,,,0,0,,,,,1,,,10,Beauty,,,,,,,,,,,,0,,,,,,,,,,,,,,,,,,,,,,
1666,simple,,,"Renew bamboo Exfoliator",1,0,visible,,,,,taxable,,1,,,0,0,,,,,1,,,14,Beauty,,,,,,,,,,,,0,,,,,,,,,,,,,,,,,,,,,,
1667,simple,,,"Revitalizing shampoo",1,0,visible,,,,,taxable,,1,,,0,0,,,,,1,,,15,Beauty,,,,,,,,,,,,0,,,,,,,,,,,,,,,,,,,,,,
1668,simple,,,"Skin Nectar",1,0,visible,,,,,taxable,,1,,,0,0,,,,,1,,,36,Beauty,,,,,,,,,,,,0,,,,,,,,,,,,,,,,,,,,,,
1669,simple,,,"Sunshine Dew Face oil",1,1,visible,,,,,taxable,,1,,,0,0,,,,,1,,,30,Beauty,,,,,,,,,,,,0,,,,,,,,,,,,,,,,,,,,,,
1670,simple,,,"Cream Foundation Dusk",1,0,visible,,,,,taxable,,1,,,0,0,,,,,1,,,15,Beauty,,,,,,id:1659,,,,,,0,,,,,,,,,,,,,,,,,,,color,,1,0
1671,simple,,,"Cream Foundation Luminous",1,0,visible,,,,,taxable,,1,,,0,0,,,,,1,,,15,Beauty,,,,,,id:1659,,,,,,0,,,,,,,,,,,,,,,,,,,color,,1,0
1672,simple,,,"Cream Foundation Rose",1,0,visible,,,,,taxable,,1,,,0,0,,,,,1,,,15,Beauty,,,,,,id:1659,,,,,,0,,,,,,,,,,,,,,,,,,,color,,1,0
1673,simple,,,"Cream Foundation Beige",1,0,visible,,,,,taxable,,1,,,0,0,,,,,1,,,15,Beauty,,,,,,id:1659,,,,,,0,,,,,,,,,,,,,,,,,,,color,,1,0
1674,simple,,,"HighLighter Gold Dust",1,0,visible,,,,,taxable,,1,,,0,0,,,,,1,,,16,Beauty,,,,,,,,,,,,0,,,,,,,,,,,,,,,,,,,color,,1,0
1675,simple,,,"Highlighter Moonshine",1,0,visible,,,,,taxable,,1,,,0,0,,,,,1,,,16,Beauty,,,,,,,,,,,,0,,,,,,,,,,,,,,,,,,,color,,1,0
1676,simple,,,"Lipsticks 1",1,0,visible,,,,,taxable,,1,,,0,0,,,,,1,,,18,Beauty,,,,,,,,,,,,0,,,,,,,,,,,,,,,,,,,color,,1,0
1677,simple,,,"Lipsticks 2",1,0,visible,,,,,taxable,,1,,,0,0,,,,,1,,,18,Beauty,,,,,,,,,,,,0,,,,,,,,,,,,,,,,,,,color,,1,0
1678,simple,,,"Lipsticks 3",1,0,visible,,,,,taxable,,1,,,0,0,,,,,1,,,18,Beauty,,,,,,,,,,,,0,,,,,,,,,,,,,,,,,,,color,,1,0
1679,simple,,,"Lipsticks 4",1,0,visible,,,,,taxable,,1,,,0,0,,,,,1,,,18,Beauty,,,,,,,,,,,,0,,,,,,,,,,,,,,,,,,,color,,1,0
1680,simple,,,"Lipsticks 5",1,0,visible,,,,,taxable,,1,,,0,0,,,,,1,,,18,Beauty,,,,,,,,,,,,0,,,,,,,,,,,,,,,,,,,color,,1,0
1681,simple,,,"Lipsticks 6",1,0,visible,,,,,taxable,,1,,,0,0,,,,,1,,,18,Beauty,,,,,,,,,,,,0,,,,,,,,,,,,,,,,,,,color,,1,0
1682,simple,,,"Lipsticks 7",1,0,visible,,,,,taxable,,1,,,0,0,,,,,1,,,18,Beauty,,,,,,,,,,,,0,,,,,,,,,,,,,,,,,,,color,,1,0
1683,simple,,,"Lipsticks 8",1,0,visible,,,,,taxable,,1,,,0,0,,,,,1,,,18,Beauty,,,,,,,,,,,,0,,,,,,,,,,,,,,,,,,,color,,1,0
1684,simple,,,"Lipsticks 9",1,0,visible,,,,,taxable,,1,,,0,0,,,,,1,,,18,Beauty,,,,,,,,,,,,0,,,,,,,,,,,,,,,,,,,color,,1,0
1685,simple,,,"Lipsticks 10",1,0,visible,,,,,taxable,,1,,,0,0,,,,,1,,,18,Beauty,,,,,,,,,,,,0,,,,,,,,,,,,,,,,,,,color,,1,0
1686,simple,,,"Lipsticks 11",1,0,visible,,,,,taxable,,1,,,0,0,,,,,1,,,18,Beauty,,,,,,,,,,,,0,,,,,,,,,,,,,,,,,,,color,,1,0
1687,simple,,,"Lipsticks 12",1,0,visible,,,,,taxable,,1,,,0,0,,,,,1,,,18,Beauty,,,,,,,,,,,,0,,,,,,,,,,,,,,,,,,,color,,1,0
1688,simple,,,"Lipsticks 13",1,0,visible,,,,,taxable,,1,,,0,0,,,,,1,,,18,Beauty,,,,,,,,,,,,0,,,,,,,,,,,,,,,,,,,color,,1,0
1689,simple,,,"Lipsticks 14",1,0,visible,,,,,taxable,,1,,,0,0,,,,,1,,,18,Beauty,,,,,,,,,,,,0,,,,,,,,,,,,,,,,,,,color,,1,0
1690,simple,,,"Lipsticks 15",1,0,visible,,,,,taxable,,1,,,0,0,,,,,1,,,18,Beauty,,,,,,,,,,,,0,,,,,,,,,,,,,,,,,,,color,,1,0
1691,simple,,,"Lipsticks 16",1,0,visible,,,,,taxable,,1,,,0,0,,,,,1,,,18,Beauty,,,,,,,,,,,,0,,,,,,,,,,,,,,,,,,,color,,1,0
1692,simple,,,"Lipsticks 17",1,0,visible,,,,,taxable,,1,,,0,0,,,,,1,,,18,Beauty,,,,,,,,,,,,0,,,,,,,,,,,,,,,,,,,color,,1,0
1693,simple,,,"Lipsticks 18",1,0,visible,,,,,taxable,,1,,,0,0,,,,,1,,,18,Beauty,,,,,,,,,,,,0,,,,,,,,,,,,,,,,,,,color,,1,0
1694,simple,,,"Brar'S Malai Paneer",1,0,visible,,,,,taxable,,1,,,0,0,,,,,1,,,6.18,Groceries,,,,,,,,,,,,0,,,,,,,,,,,,,,,,,,,,,,
1695,simple,,,"Brar'S Veggie Burger Patty 690G, Brar'S Veggie Burger: Veggie Burger Patties Deliciously Seasoned With Our Secret Spice Blend And Packed With Paneer Carrots, Corn, And Potatoes. 100% Vegetarian, Made With Gold Standard Ingredients, Made In Canada",1,0,visible,,,,,taxable,,1,,,0,0,,,,,1,,,9.97,Groceries,,,,,,,,,,,,0,,,,,,,,,,,,,,,,,,,,,,
1696,simple,,,"Brar'S Cardamom Rasmalai, 850 G",1,0,visible,,,,,taxable,,1,,,0,0,,,,,1,,,11.27,Groceries,,,,,,,,,,,,0,,,,,,,,,,,,,,,,,,,,,,
1697,simple,,,"Brar'S Pure Desi Ghee - 1.6 Kg",1,0,visible,,,,,taxable,,1,,,0,0,,,,,1,,,29.98,Groceries,,,,,,,,,,,,0,,,,,,,,,,,,,,,,,,,,,,
1698,simple,,,"Brar’S Samosas, Potatoes And Peas",1,0,visible,,,,,taxable,,1,,,0,0,,,,,1,,,10.48,Groceries,,,,,,,,,,,,0,,,,,,,,,,,,,,,,,,,,,,
1699,simple,,,"Brar'S Pure Desi Ghee 400 G",1,0,visible,,,,,taxable,,1,,,0,0,,,,,1,,,9.77,Groceries,,,,,,,,,,,,0,,,,,,,,,,,,,,,,,,,,,,
1700,simple,,,"Brar'S Gulab Jamun, 850 G",1,0,visible,,,,,taxable,,1,,,0,0,,,,,1,,,7.47,Groceries,,,,,,,,,,,,0,,,,,,,,,,,,,,,,,,,,,,
1701,simple,,,"Brar'S Kesar Rasmalai, 850Gm, 12 Pieces",1,0,visible,,,,,taxable,,1,,,0,0,,,,,1,,,11.27,Groceries,,,,,,,,,,,,0,,,,,,,,,,,,,,,,,,,,,,
1702,simple,,,"Brar'S Milk Cake, 400Gm",1,0,visible,,,,,taxable,,1,,,0,0,,,,,1,,,9.97,Groceries,,,,,,,,,,,,0,,,,,,,,,,,,,,,,,,,,,,
1703,simple,,,"Brar'S Tawa Aloo Tikki 750G, Brar'S Tawa Aloo Tikki: Homestyle Patties Formed With Fluffy Potatoes,Filled With Malai Paneer And Expertly Seasoned Veggies, Including Jalapenos And Peas. 100% Vegetarian, Made With Gold Standard Ingredients, Made In Canada",1,0,visible,,,,,taxable,,1,,,0,0,,,,,1,,,9.97,Groceries,,,,,,,,,,,,0,,,,,,,,,,,,,,,,,,,,,,
1704,simple,,,"Brar'S Jalapeno And Cheese Samosa, Pastry Filled With Savoury Jalapeno And Cheese",1,0,visible,,,,,taxable,,1,,,0,0,,,,,1,,,6.97,Groceries,,,,,,,,,,,,0,,,,,,,,,,,,,,,,,,,,,,
1705,simple,,,"Britannia Good Day Butter Cookies 75 G",1,0,visible,,,,,taxable,,1,,,0,0,,,,,1,,,0.98,Groceries,,,,,,,,,,,,0,,,,,,,,,,,,,,,,,,,,,,
1706,simple,,,"Britannia Goodday Cashew 231 G",1,0,visible,,,,,taxable,,1,,,0,0,,,,,1,,,3.28,Groceries,,,,,,,,,,,,0,,,,,,,,,,,,,,,,,,,,,,
1707,simple,,,"Britannia Pista Almond Cookies 75 G",1,0,visible,,,,,taxable,,1,,,0,0,,,,,1,,,0.98,Groceries,,,,,,,,,,,,0,,,,,,,,,,,,,,,,,,,,,,
1708,simple,,,"Britannia Fifty Fifty 62 G",1,0,visible,,,,,taxable,,1,,,0,0,,,,,1,,,0.57,Groceries,,,,,,,,,,,,0,,,,,,,,,,,,,,,,,,,,,,
1709,simple,,,"Britannia Good Day Cashew Cookies 75 G",1,0,visible,,,,,taxable,,1,,,0,0,,,,,1,,,0.98,Groceries,,,,,,,,,,,,0,,,,,,,,,,,,,,,,,,,,,,
1710,simple,,,"Britannia Marie Gold 150 G",1,0,visible,,,,,taxable,,1,,,0,0,,,,,1,,,1.18,Groceries,,,,,,,,,,,,0,,,,,,,,,,,,,,,,,,,,,,
1711,simple,,,"Britannia Sooji Toast",1,0,visible,,,,,taxable,,1,,,0,0,,,,,1,,,2.98,Groceries,,,,,,,,,,,,0,,,,,,,,,,,,,,,,,,,,,,
1712,simple,,,"Britannia Tiger Glucose Biscuit",1,0,visible,,,,,taxable,,1,,,0,0,,,,,1,,,1.34,Groceries,,,,,,,,,,,,0,,,,,,,,,,,,,,,,,,,,,,
1713,simple,,,"Britannia Milk Rusk 560 G",1,0,visible,,,,,taxable,,1,,,0,0,,,,,1,,,5.32,Groceries,,,,,,,,,,,,0,,,,,,,,,,,,,,,,,,,,,,
1714,simple,,,"Britannia Jim Jam Biscuits",1,0,visible,,,,,taxable,,1,,,0,0,,,,,1,,,0.98,Groceries,,,,,,,,,,,,0,,,,,,,,,,,,,,,,,,,,,,
1715,simple,,,"Britannia Little Heart 75 G",1,0,visible,,,,,taxable,,1,,,0,0,,,,,1,,,0.98,Groceries,,,,,,,,,,,,0,,,,,,,,,,,,,,,,,,,,,,
1716,simple,,,"Britannia Fruit Cake Eggless",1,0,visible,,,,,taxable,,1,,,0,0,,,,,1,,,4.24,Groceries,,,,,,,,,,,,0,,,,,,,,,,,,,,,,,,,,,,
1717,simple,,,"Britannia Orange Cream Treat 100 G",1,0,visible,,,,,taxable,,1,,,0,0,,,,,1,,,0.98,Groceries,,,,,,,,,,,,0,,,,,,,,,,,,,,,,,,,,,,
1718,simple,,,"Britannia Choco Cream Treat Biscuit 100 G",1,0,visible,,,,,taxable,,1,,,0,0,,,,,1,,,1.18,Groceries,,,,,,,,,,,,0,,,,,,,,,,,,,,,,,,,,,,
1719,simple,,,"Maggi 2-Minute Noodles",1,0,visible,,,,,taxable,,1,,,0,0,,,,,1,,,1.24,Groceries,,,,,,,,,,,,0,,,,,,,,,,,,,,,,,,,,,,
1720,simple,,,"Maggi Chicken Cube",1,0,visible,,,,,taxable,,1,,,0,0,,,,,1,,,5.97,Groceries,,,,,,,,,,,,0,,,,,,,,,,,,,,,,,,,,,,
1721,simple,,,"Maggi Magic Sarap Seasoning Mix",1,0,visible,,,,,taxable,,1,,,0,0,,,,,1,,,2.27,Groceries,,,,,,,,,,,,0,,,,,,,,,,,,,,,,,,,,,,
1722,simple,,,"Maggi Hot & Sweet Tomato Chilli Sauce",1,0,visible,,,,,taxable,,1,,,0,0,,,,,1,,,4.48,Groceries,,,,,,,,,,,,0,,,,,,,,,,,,,,,,,,,,,,
1723,simple,,,"Maggi 2-Minute Noodles Curry Flavour",1,0,visible,,,,,taxable,,1,,,0,0,,,,,1,,,3.77,Groceries,,,,,,,,,,,,0,,,,,,,,,,,,,,,,,,,,,,
1724,simple,,,"Maggi Tamarind Sauce",1,0,visible,,,,,taxable,,1,,,0,0,,,,,1,,,4.36,Groceries,,,,,,,,,,,,0,,,,,,,,,,,,,,,,,,,,,,
1725,simple,,,"Maggi Liquid Seasoning, 200Ml",1,0,visible,,,,,taxable,,1,,,0,0,,,,,1,,,4.27,Groceries,,,,,,,,,,,,0,,,,,,,,,,,,,,,,,,,,,,
1726,simple,,,"Maggi Seasoning Sauce, 800Ml – Liquid Seasoning For Cooking And Flavoring",1,0,visible,,,,,taxable,,1,,,0,0,,,,,1,,,10.97,Groceries,,,,,,,,,,,,0,,,,,,,,,,,,,,,,,,,,,,
1727,simple,,,"Maggi Masala Chilii Sauce",1,0,visible,,,,,taxable,,1,,,0,0,,,,,1,,,4.36,Groceries,,,,,,,,,,,,0,,,,,,,,,,,,,,,,,,,,,,
1728,simple,,,"Maggi® Coconut Milk Powder Mix",1,0,visible,,,,,taxable,,1,,,0,0,,,,,1,,,5.97,Groceries,,,,,,,,,,,,0,,,,,,,,,,,,,,,,,,,,,,
1729,simple,,,"Everest Sambhar Masala, 100G",1,0,visible,,,,,taxable,,1,,,0,0,,,,,1,,,2.27,Groceries,,,,,,,,,,,,0,,,,,,,,,,,,,,,,,,,,,,
1730,simple,,,"Everest Tandoori Chicken Masala, 100G",1,0,visible,,,,,taxable,,1,,,0,0,,,,,1,,,2.24,Groceries,,,,,,,,,,,,0,,,,,,,,,,,,,,,,,,,,,,
1731,simple,,,"Everest Chaat Masala, 100G",1,0,visible,,,,,taxable,,1,,,0,0,,,,,1,,,2.14,Groceries,,,,,,,,,,,,0,,,,,,,,,,,,,,,,,,,,,,
1732,simple,,,"Everest Kitchen King Masala, 100G",1,0,visible,,,,,taxable,,1,,,0,0,,,,,1,,,2.12,Groceries,,,,,,,,,,,,0,,,,,,,,,,,,,,,,,,,,,,
1733,simple,,,"Everest Pav Bhaji Masala, 100G",1,0,visible,,,,,taxable,,1,,,0,0,,,,,1,,,2.36,Groceries,,,,,,,,,,,,0,,,,,,,,,,,,,,,,,,,,,,
1734,simple,,,"Everest Garam Masala, 100G",1,0,visible,,,,,taxable,,1,,,0,0,,,,,1,,,2.88,Groceries,,,,,,,,,,,,0,,,,,,,,,,,,,,,,,,,,,,
1735,simple,,,"Everest Chole Masala, 100G",1,0,visible,,,,,taxable,,1,,,0,0,,,,,1,,,2.14,Groceries,,,,,,,,,,,,0,,,,,,,,,,,,,,,,,,,,,,
1736,simple,,,"Everest Pani Puri Masala, 100G",1,0,visible,,,,,taxable,,1,,,0,0,,,,,1,,,2.48,Groceries,,,,,,,,,,,,0,,,,,,,,,,,,,,,,,,,,,,
1737,simple,,,"Everest Rajma Masala, 100G",1,0,visible,,,,,taxable,,1,,,0,0,,,,,1,,,2.14,Groceries,,,,,,,,,,,,0,,,,,,,,,,,,,,,,,,,,,,
1738,simple,,,"Everest Kashmirilal Red Chilli Powder, 500G",1,0,visible,,,,,taxable,,1,,,0,0,,,,,1,,,15.24,Groceries,,,,,,,,,,,,0,,,,,,,,,,,,,,,,,,,,,,
1739,simple,,,"Everest Tea Masala, 100G",1,0,visible,,,,,taxable,,1,,,0,0,,,,,1,,,3.48,Groceries,,,,,,,,,,,,0,,,,,,,,,,,,,,,,,,,,,,
1740,simple,,,"Haldiram Khatta Meetha 150 G",1,0,visible,,,,,taxable,,1,,,0,0,,,,,1,,,1.97,Groceries,,,,,,,,,,,,0,,,,,,,,,,,,,,,,,,,,,,
1741,simple,,,"Haldiram Peanut Tasty",1,0,visible,,,,,taxable,,1,,,0,0,,,,,1,,,1.97,Groceries,,,,,,,,,,,,0,,,,,,,,,,,,,,,,,,,,,,
1742,simple,,,"Haldiram All In One 150 G",1,0,visible,,,,,taxable,,1,,,0,0,,,,,1,,,2.08,Groceries,,,,,,,,,,,,0,,,,,,,,,,,,,,,,,,,,,,
1743,simple,,,"Haldiram Cornflakes Mixture 150 G",1,0,visible,,,,,taxable,,1,,,0,0,,,,,1,,,1.97,Groceries,,,,,,,,,,,,0,,,,,,,,,,,,,,,,,,,,,,
1744,simple,,,"Haldiram Bhujia Sev 150 G",1,0,visible,,,,,taxable,,1,,,0,0,,,,,1,,,1.98,Groceries,,,,,,,,,,,,0,,,,,,,,,,,,,,,,,,,,,,
1745,simple,,,"Haldiram Alu Bhujia 150 G",1,0,visible,,,,,taxable,,1,,,0,0,,,,,1,,,2.08,Groceries,,,,,,,,,,,,0,,,,,,,,,,,,,,,,,,,,,,
1746,simple,,,"Haldiram Murukku 200 Gram Is An Authentic South Indian Savory Snack Known For Its Distinctive Twisted Spiral Shape And Crunchy Texture",1,0,visible,,,,,taxable,,1,,,0,0,,,,,1,,,2.24,Groceries,,,,,,,,,,,,0,,,,,,,,,,,,,,,,,,,,,,
1747,simple,,,"Haldiram Navaratan Chiwda",1,0,visible,,,,,taxable,,1,,,0,0,,,,,1,,,1.97,Groceries,,,,,,,,,,,,0,,,,,,,,,,,,,,,,,,,,,,
1748,simple,,,"Haldiram Chana Dal Masala",1,0,visible,,,,,taxable,,1,,,0,0,,,,,1,,,1.97,Groceries,,,,,,,,,,,,0,,,,,,,,,,,,,,,,,,,,,,
1749,simple,,,"Haldiram Loung Sev Ratlami 150 G",1,0,visible,,,,,taxable,,1,,,0,0,,,,,1,,,1.97,Groceries,,,,,,,,,,,,0,,,,,,,,,,,,,,,,,,,,,,
1750,simple,,,"Haldiram Moorukulu",1,0,visible,,,,,taxable,,1,,,0,0,,,,,1,,,1.97,Groceries,,,,,,,,,,,,0,,,,,,,,,,,,,,,,,,,,,,
1751,simple,,,"Haldiram Khari Boondi 350 G",1,0,visible,,,,,taxable,,1,,,0,0,,,,,1,,,3.67,Groceries,,,,,,,,,,,,0,,,,,,,,,,,,,,,,,,,,,,
1752,simple,,,"Haldiram Moong Dal",1,0,visible,,,,,taxable,,1,,,0,0,,,,,1,,,1.97,Groceries,,,,,,,,,,,,0,,,,,,,,,,,,,,,,,,,,,,
1753,simple,,,"Haldiram Masala Sticks 200G Are Premium Savory Snacks From The ""Chai Ke Saath"" Series, Specifically Crafted To Complement Tea And Coffee With A Bold, Aromatic Spice Profile.",1,0,visible,,,,,taxable,,1,,,0,0,,,,,1,,,1.98,Groceries,,,,,,,,,,,,0,,,,,,,,,,,,,,,,,,,,,,
1754,simple,,,"Haldiram Mathri 150 G",1,0,visible,,,,,taxable,,1,,,0,0,,,,,1,,,1.97,Groceries,,,,,,,,,,,,0,,,,,,,,,,,,,,,,,,,,,,
1755,simple,,,"Haldiram Nimboo Masala 150 Gram Is A Tangy, Spicy, And Crunchy Indian Snack Featuring Zesty Lemon-Flavored Potato And Gram Flour Sticks.",1,0,visible,,,,,taxable,,1,,,0,0,,,,,1,,,1.97,Groceries,,,,,,,,,,,,0,,,,,,,,,,,,,,,,,,,,,,
1756,simple,,,"Haldiram Soan Papdi",1,0,visible,,,,,taxable,,1,,,0,0,,,,,1,,,3.27,Groceries,,,,,,,,,,,,0,,,,,,,,,,,,,,,,,,,,,,
1757,simple,,,"Haldiram Dal Biji 150 G",1,0,visible,,,,,taxable,,1,,,0,0,,,,,1,,,1.97,Groceries,,,,,,,,,,,,0,,,,,,,,,,,,,,,,,,,,,,
1758,simple,,,"Haldiram Cocktail Samosa, Hr Cocktail Samosa",1,0,visible,,,,,taxable,,1,,,0,0,,,,,1,,,5.48,Groceries,,,,,,,,,,,,0,,,,,,,,,,,,,,,,,,,,,,
1759,simple,,,"Haldiram Kashmiri Dal Moth",1,0,visible,,,,,taxable,,1,,,0,0,,,,,1,,,1.97,Groceries,,,,,,,,,,,,0,,,,,,,,,,,,,,,,,,,,,,
1760,simple,,,"Hdrms Agra Taj Petha",1,0,visible,,,,,taxable,,1,,,0,0,,,,,1,,,4.48,Groceries,,,,,,,,,,,,0,,,,,,,,,,,,,,,,,,,,,,
1761,simple,,,"Shan Chicken Tikka Masala Seasoning (50G) - Authentic Tikka Spice Mix For Chicken Tikka Masala, Bbq & Grilling | Vegan Tikka Masala Sauce, Indian Spices For Tikka Paste & Curry",1,0,visible,,,,,taxable,,1,,,0,0,,,,,1,,,2.14,Groceries,,,,,,,,,,,,0,,,,,,,,,,,,,,,,,,,,,,
1762,simple,,,"Shan Special Bombay Biryani Masala Mix 60G - Spicy Indian Seasoning For Chicken, Meat & Rice Pilaf |Authentic Indian Biryani Flavor With Natural Spices & No Preservatives",1,0,visible,,,,,taxable,,1,,,0,0,,,,,1,,,1.97,Groceries,,,,,,,,,,,,0,,,,,,,,,,,,,,,,,,,,,,
1763,simple,,,"Shan Karahi Seasoning Mix 50G | Authentic Indian Curry Masala For Spicy Chicken & Meat Dishes | Easy To Use Spice Packets For Flavorful Karahi Recipes| Perfect For Gravy & Marinade |",1,0,visible,,,,,taxable,,1,,,0,0,,,,,1,,,2.14,Groceries,,,,,,,,,,,,0,,,,,,,,,,,,,,,,,,,,,,
1764,simple,,,"Shan Chana Masala Spice Mix (100G)",1,0,visible,,,,,taxable,,1,,,0,0,,,,,1,,,2.14,Groceries,,,,,,,,,,,,0,,,,,,,,,,,,,,,,,,,,,,
1765,simple,,,"Shan Achar Gosht Seasoning Mix (50G) - Spice Packets For Meat In Tangy Pickle Condiments - Authentic Indian Spices For Curry & Gravy - No Preservatives, Gluten-Free & Halal",1,0,visible,,,,,taxable,,1,,,0,0,,,,,1,,,1.97,Groceries,,,,,,,,,,,,0,,,,,,,,,,,,,,,,,,,,,,
1766,simple,,,"Shan Tandoori Masala Seasoning Mix (50G) - Traditional Indian Spice Blend For Tandoori Chicken | Perfect Tandoori Masala Powder, Marinade & Rub For Chicken Breast, Bbq & Grilling | No Preservatives",1,0,visible,,,,,taxable,,1,,,0,0,,,,,1,,,2.14,Groceries,,,,,,,,,,,,0,,,,,,,,,,,,,,,,,,,,,,
1767,simple,,,"Shan Ginger Garlic Paste, 700G – Fresh & Aromatic Cooking Essential For Curries, Marinades & Stir-Fries – Smooth & Convenient Paste For Cooking",1,0,visible,,,,,taxable,,1,,,0,0,,,,,1,,,5.97,Groceries,,,,,,,,,,,,0,,,,,,,,,,,,,,,,,,,,,,
1768,simple,,,"Shan Chicken Masala Seasoning Mix (50G) For Chicken Breast & Indian Curry, Chicken Tikka, & Marsala - Aromatic Masala For Chicken In Yogurt Sauce",1,0,visible,,,,,taxable,,1,,,0,0,,,,,1,,,2.14,Groceries,,,,,,,,,,,,0,,,,,,,,,,,,,,,,,,,,,,
1769,simple,,,"Shan Sindhi Biryani Seasoning Mix 60G - Authentic Spicy Rice Pilaf Seasoning For Hot & Spicy Chicken, Meat & Vegetarian Dishes | Rich Flavor Blend With Turmeric, Chili Powder & Cumin",1,0,visible,,,,,taxable,,1,,,0,0,,,,,1,,,1.97,Groceries,,,,,,,,,,,,0,,,,,,,,,,,,,,,,,,,,,,
1770,simple,,,"Shan Seekh Kabab Seasoning Mix (50G)",1,0,visible,,,,,taxable,,1,,,0,0,,,,,1,,,2.14,Groceries,,,,,,,,,,,,0,,,,,,,,,,,,,,,,,,,,,,
1771,simple,,,"Shan Korma Masala Seasoning Mix – Authentic Indian Spice Kit For Traditional Korma Curry & Meat In Yogurt Sauce – Ideal For Rich Korma Sauce | No Preservatives | Mughlai Flavor Spice Packet (50G)",1,0,visible,,,,,taxable,,1,,,0,0,,,,,1,,,2.14,Groceries,,,,,,,,,,,,0,,,,,,,,,,,,,,,,,,,,,,
1772,simple,,,"Shan Meat Masala Seasoning Mix (100G) - Authentic Indian Spices For Flavorful Meat Curry - Versatile Masala Spice Blend For Mutton, Chicken, And Kebab Dishes",1,0,visible,,,,,taxable,,1,,,0,0,,,,,1,,,2.14,Groceries,,,,,,,,,,,,0,,,,,,,,,,,,,,,,,,,,,,
1773,simple,,,"Shan Butter Chicken Seasoning Mix (50G) - Authentic Indian Masala Spice Mix For Rich Butter Chicken Sauce & Curry | Ideal For Indian Butter Chicken, Butter Masala, And Curry Chicken",1,0,visible,,,,,taxable,,1,,,0,0,,,,,1,,,2.14,Groceries,,,,,,,,,,,,0,,,,,,,,,,,,,,,,,,,,,,
1774,simple,,,"Shan Biryani Masala Seasoning Mix (50G) - Authentic Indian Spice Mix For Flavorful Biryani - Perfect For Spicy Chicken, Meat & Rice Pilaf | Turmeric, Garlic & Cumin Blend",1,0,visible,,,,,taxable,,1,,,0,0,,,,,1,,,2.14,Groceries,,,,,,,,,,,,0,,,,,,,,,,,,,,,,,,,,,,
1775,simple,,,"Shan Nihari Masala Seasoning Mix (60G) |Authentic Mughlai Spice Blend For Slow-Cooked Meat Stew | Ideal For Beef, Mutton & Chicken | No Preservatives, No Artificial Colors | Rich In Aromatic Spices",1,0,visible,,,,,taxable,,1,,,0,0,,,,,1,,,2.14,Groceries,,,,,,,,,,,,0,,,,,,,,,,,,,,,,,,,,,,
1776,simple,,,"Shan Chaat Masala Powder (100G) - Tangy & Spicy Chaat Masala For Indian Snacks & Food – Essential Indian Spices For Fruits & Salads",1,0,visible,,,,,taxable,,1,,,0,0,,,,,1,,,2.14,Groceries,,,,,,,,,,,,0,,,,,,,,,,,,,,,,,,,,,,
1777,simple,,,"Shan Memoni Mutton Biryani Masala (60G)",1,0,visible,,,,,taxable,,1,,,0,0,,,,,1,,,2.18,Groceries,,,,,,,,,,,,0,,,,,,,,,,,,,,,,,,,,,,
1778,simple,,,"Lay'S Sour Cream & Onion Flavoured Potato Chips",1,0,visible,,,,,taxable,,1,,,0,0,,,,,1,,,3.47,Groceries,,,,,,,,,,,,0,,,,,,,,,,,,,,,,,,,,,,
1779,simple,,,"Lay'S Dill Pickle Flavoured Potato Chips",1,0,visible,,,,,taxable,,1,,,0,0,,,,,1,,,3.47,Groceries,,,,,,,,,,,,0,,,,,,,,,,,,,,,,,,,,,,
1780,simple,,,"Lay'S Bar-B-Q Flavoured Potato Chips",1,0,visible,,,,,taxable,,1,,,0,0,,,,,1,,,3.47,Groceries,,,,,,,,,,,,0,,,,,,,,,,,,,,,,,,,,,,
1781,simple,,,"Lay'S Wavy Original Potato Chips",1,0,visible,,,,,taxable,,1,,,0,0,,,,,1,,,3.47,Groceries,,,,,,,,,,,,0,,,,,,,,,,,,,,,,,,,,,,
1782,simple,,,"Lay'S Classic Potato Chips",1,0,visible,,,,,taxable,,1,,,0,0,,,,,1,,,3.47,Groceries,,,,,,,,,,,,0,,,,,,,,,,,,,,,,,,,,,,
1783,simple,,,"Lay'S Salt & Vinegar Flavoured Potato Chips",1,0,visible,,,,,taxable,,1,,,0,0,,,,,1,,,3.47,Groceries,,,,,,,,,,,,0,,,,,,,,,,,,,,,,,,,,,,
1784,simple,,,"Lay'S All Dressed Flavoured Potato Chips",1,0,visible,,,,,taxable,,1,,,0,0,,,,,1,,,3.47,Groceries,,,,,,,,,,,,0,,,,,,,,,,,,,,,,,,,,,,
1785,simple,,,"Lay'S Lightly Salted Potato Chips",1,0,visible,,,,,taxable,,1,,,0,0,,,,,1,,,3.47,Groceries,,,,,,,,,,,,0,,,,,,,,,,,,,,,,,,,,,,
1786,simple,,,"Lay'S Ketchup Flavoured Potato Chips",1,0,visible,,,,,taxable,,1,,,0,0,,,,,1,,,3.47,Groceries,,,,,,,,,,,,0,,,,,,,,,,,,,,,,,,,,,,
1787,simple,,,"Lay'S Wavy Lightly Salted Potato Chips",1,0,visible,,,,,taxable,,1,,,0,0,,,,,1,,,3.47,Groceries,,,,,,,,,,,,0,,,,,,,,,,,,,,,,,,,,,,
1788,simple,,,"Lay'S Smokey Bacon Flavoured Potato Chips",1,0,visible,,,,,taxable,,1,,,0,0,,,,,1,,,3.47,Groceries,,,,,,,,,,,,0,,,,,,,,,,,,,,,,,,,,,,
1789,simple,,,"Lay'S Classic Potato Chips Value Size",1,0,visible,,,,,taxable,,1,,,0,0,,,,,1,,,5.47,Groceries,,,,,,,,,,,,0,,,,,,,,,,,,,,,,,,,,,,
1790,simple,,,"Lay'S Cheese & Onion Flavoured Potato Chips.",1,0,visible,,,,,taxable,,1,,,0,0,,,,,1,,,3.47,Groceries,,,,,,,,,,,,0,,,,,,,,,,,,,,,,,,,,,,
1791,simple,,,"Lay'S Wavy Cheddar & Sour Cream Flavoured Potato Chips",1,0,visible,,,,,taxable,,1,,,0,0,,,,,1,,,3.47,Groceries,,,,,,,,,,,,0,,,,,,,,,,,,,,,,,,,,,,
1792,simple,,,"Lay'S Classic Potato Chips",1,0,visible,,,,,taxable,,1,,,0,0,,,,,1,,,2.48,Groceries,,,,,,,,,,,,0,,,,,,,,,,,,,,,,,,,,,,
1793,simple,,,"Lay'S Hot 'N' Sweet Chilli Ridged Flavoured Potato Chips",1,0,visible,,,,,taxable,,1,,,0,0,,,,,1,,,3.47,Groceries,,,,,,,,,,,,0,,,,,,,,,,,,,,,,,,,,,,
1794,simple,,,"Lay'S Oven Baked Original Potato Crisps",1,0,visible,,,,,taxable,,1,,,0,0,,,,,1,,,3.47,Groceries,,,,,,,,,,,,0,,,,,,,,,,,,,,,,,,,,,,
1795,simple,,,"Lay’S Cheese Souffle Flavoured Potato Chips",1,0,visible,,,,,taxable,,1,,,0,0,,,,,1,,,3.47,Groceries,,,,,,,,,,,,0,,,,,,,,,,,,,,,,,,,,,,
1796,simple,,,"Lay'S Wavy Original Potato Chips Value Size",1,0,visible,,,,,taxable,,1,,,0,0,,,,,1,,,5.47,Groceries,,,,,,,,,,,,0,,,,,,,,,,,,,,,,,,,,,,
1797,simple,,,"Lay'S Wavy Salt & Vinegar Flavoured Potato Chips",1,0,visible,,,,,taxable,,1,,,0,0,,,,,1,,,3.47,Groceries,,,,,,,,,,,,0,,,,,,,,,,,,,,,,,,,,,,
1798,simple,,,"Lay'S Tomato Tango Ridged Flavoured Potato Chips",1,0,visible,,,,,taxable,,1,,,0,0,,,,,1,,,3.47,Groceries,,,,,,,,,,,,0,,,,,,,,,,,,,,,,,,,,,,
1799,simple,,,"Lay'S Oven Baked Bar-B-Q Flavoured Potato Crisps",1,0,visible,,,,,taxable,,1,,,0,0,,,,,1,,,3.47,Groceries,,,,,,,,,,,,0,,,,,,,,,,,,,,,,,,,,,,
1800,simple,,,"Frito-Lay Lay'S Mix Snacks Variety Pack 16 Bags",1,0,visible,,,,,taxable,,1,,,0,0,,,,,1,,,8.87,Groceries,,,,,,,,,,,,0,,,,,,,,,,,,,,,,,,,,,,
1801,simple,,,"Lay’S Ketchup Flavoured Potato Chips",1,0,visible,,,,,taxable,,1,,,0,0,,,,,1,,,2.48,Groceries,,,,,,,,,,,,0,,,,,,,,,,,,,,,,,,,,,,
1802,simple,,,"Verka Fresh Paneer, 300G",1,0,visible,,,,,taxable,,1,,,0,0,,,,,1,,,5.17,Groceries,,,,,,,,,,,,0,,,,,,,,,,,,,,,,,,,,,,
1803,simple,,,"Verka Green Line Compostable Assorted Cutlery, 24 Pieces",1,0,visible,,,,,taxable,,1,,,0,0,,,,,1,,,1.87,Groceries,,,,,,,,,,,,0,,,,,,,,,,,,,,,,,,,,,,
1804,simple,,,"Verka Punjabi Shakkar Powder - 1 Kg",1,0,visible,,,,,taxable,,1,,,0,0,,,,,1,,,4.88,Groceries,,,,,,,,,,,,0,,,,,,,,,,,,,,,,,,,,,,
1805,simple,,,"Verka Gol Gappa (Panipuri/Semolina Puffs), 175G",1,0,visible,,,,,taxable,,1,,,0,0,,,,,1,,,2.12,Groceries,,,,,,,,,,,,0,,,,,,,,,,,,,,,,,,,,,,
1806,simple,,,"Verka Vermicelli Nest, 300G",1,0,visible,,,,,taxable,,1,,,0,0,,,,,1,,,1.88,Groceries,,,,,,,,,,,,0,,,,,,,,,,,,,,,,,,,,,,
1807,simple,,,"Verka Eggless Suji Rusk, 350G",1,0,visible,,,,,taxable,,1,,,0,0,,,,,1,,,2.98,Groceries,,,,,,,,,,,,0,,,,,,,,,,,,,,,,,,,,,,
1808,simple,,,"Verka Greenline Compostable Forks, 20 Pieces",1,0,visible,,,,,taxable,,1,,,0,0,,,,,1,,,1.47,Groceries,,,,,,,,,,,,0,,,,,,,,,,,,,,,,,,,,,,
1809,simple,,,"Verka Genuine Cast Iron Tawa/Griddle, Easy To Clean, 28Cm",1,0,visible,,,,,taxable,,1,,,0,0,,,,,1,,,19.97,Groceries,,,,,,,,,,,,0,,,,,,,,,,,,,,,,,,,,,,
1810,simple,,,"Verka Roasted Peanuts In Shell, 908G",1,0,visible,,,,,taxable,,1,,,0,0,,,,,1,,,5.27,Groceries,,,,,,,,,,,,0,,,,,,,,,,,,,,,,,,,,,,
1811,simple,,,"Verka Khari Jeera Puff, 350G",1,0,visible,,,,,taxable,,1,,,0,0,,,,,1,,,3.97,Groceries,,,,,,,,,,,,0,,,,,,,,,,,,,,,,,,,,,,
1812,simple,,,"Verka Methi Paratha",1,0,visible,,,,,taxable,,1,,,0,0,,,,,1,,,3.97,Groceries,,,,,,,,,,,,0,,,,,,,,,,,,,,,,,,,,,,
1813,simple,,,"Verka Kolhapuri Gur, 1 Kg",1,0,visible,,,,,taxable,,1,,,0,0,,,,,1,,,2.67,Groceries,,,,,,,,,,,,0,,,,,,,,,,,,,,,,,,,,,,
1814,simple,,,"Verka Soya Chaap In Brine, 850G",1,0,visible,,,,,taxable,,1,,,0,0,,,,,1,,,5.24,Groceries,,,,,,,,,,,,0,,,,,,,,,,,,,,,,,,,,,,
1815,simple,,,"Verka Fine Besan (Gram Flour), 4Lbs",1,0,visible,,,,,taxable,,1,,,0,0,,,,,1,,,6.24,Groceries,,,,,,,,,,,,0,,,,,,,,,,,,,,,,,,,,,,
1816,simple,,,"Verka Tamarind Chutney - 400 Ml",1,0,visible,,,,,taxable,,1,,,0,0,,,,,1,,,3.47,Groceries,,,,,,,,,,,,0,,,,,,,,,,,,,,,,,,,,,,
1817,simple,,,"Verka Punjabi Vegetarian Cookies, 2.5Lbs",1,0,visible,,,,,taxable,,1,,,0,0,,,,,1,,,6.97,Groceries,,,,,,,,,,,,0,,,,,,,,,,,,,,,,,,,,,,
1818,simple,,,"Verka Green Chutney",1,0,visible,,,,,taxable,,1,,,0,0,,,,,1,,,3.96,Groceries,,,,,,,,,,,,0,,,,,,,,,,,,,,,,,,,,,,
1819,simple,,,"Verka Coarse Semolina (Sooji) Flour, 4Lbs",1,0,visible,,,,,taxable,,1,,,0,0,,,,,1,,,4.77,Groceries,,,,,,,,,,,,0,,,,,,,,,,,,,,,,,,,,,,
1820,simple,,,"Verka Green Cardamom Whole Pods, 100G",1,0,visible,,,,,taxable,,1,,,0,0,,,,,1,,,8.38,Groceries,,,,,,,,,,,,0,,,,,,,,,,,,,,,,,,,,,,
1821,simple,,,"Verka White Sugar, 10Lbs",1,0,visible,,,,,taxable,,1,,,0,0,,,,,1,,,9.18,Groceries,,,,,,,,,,,,0,,,,,,,,,,,,,,,,,,,,,,
1822,simple,,,"Verka Cake Rusk, 800 G",1,0,visible,,,,,taxable,,1,,,0,0,,,,,1,,,6.58,Groceries,,,,,,,,,,,,0,,,,,,,,,,,,,,,,,,,,,,
1823,simple,,,"Verka Sooji Biscuits, 2.5Lbs",1,0,visible,,,,,taxable,,1,,,0,0,,,,,1,,,6.97,Groceries,,,,,,,,,,,,0,,,,,,,,,,,,,,,,,,,,,,
1824,simple,,,"Verka Ginger Garlic Paste, 800G",1,0,visible,,,,,taxable,,1,,,0,0,,,,,1,,,5.88,Groceries,,,,,,,,,,,,0,,,,,,,,,,,,,,,,,,,,,,
1825,simple,,,"Verka Jeera Cookies",1,0,visible,,,,,taxable,,1,,,0,0,,,,,1,,,6.97,Groceries,,,,,,,,,,,,0,,,,,,,,,,,,,,,,,,,,,,
1826,simple,,,"Verka Punjabi Vegetarian Whole Wheat Baked Cookies, 2.5Lbs",1,0,visible,,,,,taxable,,1,,,0,0,,,,,1,,,6.97,Groceries,,,,,,,,,,,,0,,,,,,,,,,,,,,,,,,,,,,
1827,simple,,,"Verka Stainless Steel Tong, 7.5 Inch",1,0,visible,,,,,taxable,,1,,,0,0,,,,,1,,,1.97,Groceries,,,,,,,,,,,,0,,,,,,,,,,,,,,,,,,,,,,
1828,simple,,,"Verka Stainless Steel Drinking Glasses, 2-Piece Set, 19 Oz",1,0,visible,,,,,taxable,,1,,,0,0,,,,,1,,,3.97,Groceries,,,,,,,,,,,,0,,,,,,,,,,,,,,,,,,,,,,
1829,simple,,,"Verka Soya Chunks, 500G",1,0,visible,,,,,taxable,,1,,,0,0,,,,,1,,,4.74,Groceries,,,,,,,,,,,,0,,,,,,,,,,,,,,,,,,,,,,
1830,simple,,,"Verka Cashew Pistachio (Kaju Pista) Cookies, 400G",1,0,visible,,,,,taxable,,1,,,0,0,,,,,1,,,4.47,Groceries,,,,,,,,,,,,0,,,,,,,,,,,,,,,,,,,,,,
1831,simple,,,"Verka Seedless Tamarind, 400G",1,0,visible,,,,,taxable,,1,,,0,0,,,,,1,,,3.96,Groceries,,,,,,,,,,,,0,,,,,,,,,,,,,,,,,,,,,,
1832,simple,,,"Verka Traditional Basmati Rice, 10Lbs",1,0,visible,,,,,taxable,,1,,,0,0,,,,,1,,,15.31,Groceries,,,,,,,,,,,,0,,,,,,,,,,,,,,,,,,,,,,
1833,simple,,,"Verka Masala Gur",1,0,visible,,,,,taxable,,1,,,0,0,,,,,1,,,4.98,Groceries,,,,,,,,,,,,0,,,,,,,,,,,,,,,,,,,,,,
1834,simple,,,"Verka Gur (Jaggery) Biscuits, 2.5 Lb",1,0,visible,,,,,taxable,,1,,,0,0,,,,,1,,,6.97,Groceries,,,,,,,,,,,,0,,,,,,,,,,,,,,,,,,,,,,
1835,simple,,,"Verka Peanut Gachak, 400G",1,0,visible,,,,,taxable,,1,,,0,0,,,,,1,,,4.42,Groceries,,,,,,,,,,,,0,,,,,,,,,,,,,,,,,,,,,,
1836,simple,,,"Verka Pure Desi Ghee, 400G",1,0,visible,,,,,taxable,,1,,,0,0,,,,,1,,,9.77,Groceries,,,,,,,,,,,,0,,,,,,,,,,,,,,,,,,,,,,
1837,simple,,,"Verka Non-Stick Flat Tawa Pan, 28Cm",1,0,visible,,,,,taxable,,1,,,0,0,,,,,1,,,24.97,Groceries,,,,,,,,,,,,0,,,,,,,,,,,,,,,,,,,,,,
1838,simple,,,"Verka Brown Cane Sugar - 10Lb",1,0,visible,,,,,taxable,,1,,,0,0,,,,,1,,,12.53,Groceries,,,,,,,,,,,,0,,,,,,,,,,,,,,,,,,,,,,
1839,simple,,,"Verka Stainless Steel Kitchen Ladle",1,0,visible,,,,,taxable,,1,,,0,0,,,,,1,,,4.78,Groceries,,,,,,,,,,,,0,,,,,,,,,,,,,,,,,,,,,,
1840,simple,,,"Verka Mixed Fruit Jam, 500G",1,0,visible,,,,,taxable,,1,,,0,0,,,,,1,,,3.47,Groceries,,,,,,,,,,,,0,,,,,,,,,,,,,,,,,,,,,,
1841,simple,,,"Verka 100 % Pure Almond Oil",1,0,visible,,,,,taxable,,1,,,0,0,,,,,1,,,8.27,Groceries,,,,,,,,,,,,0,,,,,,,,,,,,,,,,,,,,,,
1842,simple,,,"Gits Dosa Mix, 200G",1,0,visible,,,,,taxable,,1,,,0,0,,,,,1,,,1.88,Groceries,,,,,,,,,,,,0,,,,,,,,,,,,,,,,,,,,,,
1843,simple,,,"Gits Uttapam Mix, 200G",1,0,visible,,,,,taxable,,1,,,0,0,,,,,1,,,1.97,Groceries,,,,,,,,,,,,0,,,,,,,,,,,,,,,,,,,,,,
1844,simple,,,"Gits Rice Idli Mix, 200G",1,0,visible,,,,,taxable,,1,,,0,0,,,,,1,,,1.97,Groceries,,,,,,,,,,,,0,,,,,,,,,,,,,,,,,,,,,,
1845,simple,,,"Gits Khaman Dhokla Mix, 180G",1,0,visible,,,,,taxable,,1,,,0,0,,,,,1,,,1.88,Groceries,,,,,,,,,,,,0,,,,,,,,,,,,,,,,,,,,,,
1846,simple,,,"Gits Dahi Vada Mix, 200G",1,0,visible,,,,,taxable,,1,,,0,0,,,,,1,,,2.24,Groceries,,,,,,,,,,,,0,,,,,,,,,,,,,,,,,,,,,,
1847,simple,,,"Gits Gulab Jamun Mix, 100G",1,0,visible,,,,,taxable,,1,,,0,0,,,,,1,,,1.88,Groceries,,,,,,,,,,,,0,,,,,,,,,,,,,,,,,,,,,,
1848,simple,,,"Khaas Dahi Yogurt Plain 3%",1,0,visible,,,,,taxable,,1,,,0,0,,,,,1,,,3.18,Groceries,,,,,,,,,,,,0,,,,,,,,,,,,,,,,,,,,,,
1849,simple,,,"Khaas Dahi Yogurt Plain 2%",1,0,visible,,,,,taxable,,1,,,0,0,,,,,1,,,3.18,Groceries,,,,,,,,,,,,0,,,,,,,,,,,,,,,,,,,,,,
1850,simple,,,"Baladi Fresh Halal Yogurt Plain 3.9% 750G",1,0,visible,,,,,taxable,,1,,,0,0,,,,,1,,,2.87,Groceries,,,,,,,,,,,,0,,,,,,,,,,,,,,,,,,,,,,
1851,simple,,,"Baladi Fresh Yogurt Plain 2%",1,0,visible,,,,,taxable,,1,,,0,0,,,,,1,,,2.87,Groceries,,,,,,,,,,,,0,,,,,,,,,,,,,,,,,,,,,,
1852,simple,,,"Ready To Eat - Dal Makhani",1,0,visible,,,,,taxable,,1,,,0,0,,,,,1,,,2.97,Groceries,,,,,,,,,,,,0,,,,,,,,,,,,,,,,,,,,,,
1853,simple,,,"Ready To Eat - Palak Paneer",1,0,visible,,,,,taxable,,1,,,0,0,,,,,1,,,2.77,Groceries,,,,,,,,,,,,0,,,,,,,,,,,,,,,,,,,,,,
1854,simple,,,"Ready To Eat - Punjabi Choley",1,0,visible,,,,,taxable,,1,,,0,0,,,,,1,,,2.77,Groceries,,,,,,,,,,,,0,,,,,,,,,,,,,,,,,,,,,,
1855,simple,,,"Ready To Eat - Pav Bhaji",1,0,visible,,,,,taxable,,1,,,0,0,,,,,1,,,2.77,Groceries,,,,,,,,,,,,0,,,,,,,,,,,,,,,,,,,,,,
1856,simple,,,"Alsafa Authentic Paratha 30 Pieces - 2400G, Authentic Paratha",1,0,visible,,,,,taxable,,1,,,0,0,,,,,1,,,8.98,"Frozen, Groceries",,,,,,,,,,,,0,,,,,,,,,,,,,,,,,,,,,,
1857,simple,,,"Frozen Aaloo Paratha, 4 Pieces, 400 G",1,0,visible,,,,,taxable,,1,,,0,0,,,,,1,,,3.97,"Frozen, Groceries",,,,,,,,,,,,0,,,,,,,,,,,,,,,,,,,,,,
1858,simple,,,"Shana Plain Lacha Paratha, 400 G",1,0,visible,,,,,taxable,,1,,,0,0,,,,,1,,,3.47,"Frozen, Groceries",,,,,,,,,,,,0,,,,,,,,,,,,,,,,,,,,,,
1859,simple,,,"Ashoka Frozen - Paneer Paratha, 3Pcs / 300 Gm",1,0,visible,,,,,taxable,,1,,,0,0,,,,,1,,,3.98,"Frozen, Groceries",,,,,,,,,,,,0,,,,,,,,,,,,,,,,,,,,,,
1860,simple,,,"Verka Methi Paratha",1,0,visible,,,,,taxable,,1,,,0,0,,,,,1,,,3.97,Groceries,,,,,,,,,,,,0,,,,,,,,,,,,,,,,,,,,,,
1861,simple,,,"Verka Plain Paratha",1,0,visible,,,,,taxable,,1,,,0,0,,,,,1,,,3.97,Groceries,,,,,,,,,,,,0,,,,,,,,,,,,,,,,,,,,,,
1862,simple,,,"Sitara Shelled Split Mung - 4Lb 1.8 Kg",1,0,visible,,,,,taxable,,1,,,0,0,,,,,1,,,6.14,Groceries,,,,,,,,,,,,0,,,,,,,,,,,,,,,,,,,,,,
1863,simple,,,"Sitara Shelled Whole Matpe Beans - 4Lb 1.8 Kg",1,0,visible,,,,,taxable,,1,,,0,0,,,,,1,,,7.48,Groceries,,,,,,,,,,,,0,,,,,,,,,,,,,,,,,,,,,,
1864,simple,,,"Sitara Shelled Split Matpe Beans - 4Lb 1.8 Kg",1,0,visible,,,,,taxable,,1,,,0,0,,,,,1,,,6.14,Groceries,,,,,,,,,,,,0,,,,,,,,,,,,,,,,,,,,,,
1865,simple,,,"Sitara Sliced Karela, 300 G",1,0,visible,,,,,taxable,,1,,,0,0,,,,,1,,,0.98,Groceries,,,,,,,,,,,,0,,,,,,,,,,,,,,,,,,,,,,
1866,simple,,,"Sitara Sliced Okra, 300 G",1,0,visible,,,,,taxable,,1,,,0,0,,,,,1,,,1.17,Groceries,,,,,,,,,,,,0,,,,,,,,,,,,,,,,,,,,,,
1867,simple,,,"Sitara Split Chickpeas",1,0,visible,,,,,taxable,,1,,,0,0,,,,,1,,,4.78,Groceries,,,,,,,,,,,,0,,,,,,,,,,,,,,,,,,,,,,
1868,simple,,,"Sitara Split Pigeon Peas (Toor) - 4Lb 1.8 Kg",1,0,visible,,,,,taxable,,1,,,0,0,,,,,1,,,7.64,Groceries,,,,,,,,,,,,0,,,,,,,,,,,,,,,,,,,,,,
1869,simple,,,"Sitara Split Red Lentils",1,0,visible,,,,,taxable,,1,,,0,0,,,,,1,,,3.88,Groceries,,,,,,,,,,,,0,,,,,,,,,,,,,,,,,,,,,,
1870,simple,,,"Sitara Basmati Rice",1,0,visible,,,,,taxable,,1,,,0,0,,,,,1,,,9.94,Groceries,,,,,,,,,,,,0,,,,,,,,,,,,,,,,,,,,,,
1871,simple,,,"Sitara Whole Mung Beans - 4 Lb 1.8 Kg",1,0,visible,,,,,taxable,,1,,,0,0,,,,,1,,,6.47,Groceries,,,,,,,,,,,,0,,,,,,,,,,,,,,,,,,,,,,
1872,simple,,,"Sitara Split Black Matpe Beans - 4Lb 1.8 Kg",1,0,visible,,,,,taxable,,1,,,0,0,,,,,1,,,7.48,Groceries,,,,,,,,,,,,0,,,,,,,,,,,,,,,,,,,,,,
1873,simple,,,"Sitara Brown Chickpeas",1,0,visible,,,,,taxable,,1,,,0,0,,,,,1,,,4.58,Groceries,,,,,,,,,,,,0,,,,,,,,,,,,,,,,,,,,,,
1874,simple,,,"Sitara Brown Lentil - 4Lb 1.8 Kg",1,0,visible,,,,,taxable,,1,,,0,0,,,,,1,,,4.98,Groceries,,,,,,,,,,,,0,,,,,,,,,,,,,,,,,,,,,,
1875,simple,,,"Sitara Basmati Rice",1,0,visible,,,,,taxable,,1,,,0,0,,,,,1,,,15.97,Groceries,,,,,,,,,,,,0,,,,,,,,,,,,,,,,,,,,,,
1876,simple,,,"Sitara Whole Okra, 300 G",1,0,visible,,,,,taxable,,1,,,0,0,,,,,1,,,1.17,Groceries,,,,,,,,,,,,0,,,,,,,,,,,,,,,,,,,,,,
1877,simple,,,"Sitara Dark Red Kidney Beans - 4 Lb 1.8 Kg",1,0,visible,,,,,taxable,,1,,,0,0,,,,,1,,,8.22,Groceries,,,,,,,,,,,,0,,,,,,,,,,,,,,,,,,,,,,
1878,simple,,,"Sitara Whole Red Lentils - 4Lb 1.8 Kg",1,0,visible,,,,,taxable,,1,,,0,0,,,,,1,,,4.98,Groceries,,,,,,,,,,,,0,,,,,,,,,,,,,,,,,,,,,,
1879,simple,,,"Sitara Black-Eyed Peas - 4Lb 1.8 Kg",1,0,visible,,,,,taxable,,1,,,0,0,,,,,1,,,6.14,Groceries,,,,,,,,,,,,0,,,,,,,,,,,,,,,,,,,,,,
1880,simple,,,"Sitara Whole Black Matpe Beans",1,0,visible,,,,,taxable,,1,,,0,0,,,,,1,,,5.64,Groceries,,,,,,,,,,,,0,,,,,,,,,,,,,,,,,,,,,,
1881,simple,,,"Bikaji Navratna Mix, Sub-Kuch, 140G",1,0,visible,,,,,taxable,,1,,,0,0,,,,,1,,,1.17,Groceries,,,,,,,,,,,,0,,,,,,,,,,,,,,,,,,,,,,
1882,simple,,,"Ready To Eat - Bombay Biryani",1,0,visible,,,,,taxable,,1,,,0,0,,,,,1,,,2.77,Groceries,,,,,,,,,,,,0,,,,,,,,,,,,,,,,,,,,,,
1883,simple,,,"Mothers Magic Momos Mix Veg 350G, Mix Veg Momos – 350 G Bag, Frozen, 20 Packs Per Case, Convenient Steam-Ready Snack, Made With Fresh Vegetables And Soft Dough.",1,0,visible,,,,,taxable,,1,,,0,0,,,,,1,,,7.38,Groceries,,,,,,,,,,,,0,,,,,,,,,,,,,,,,,,,,,,
1884,simple,,,"Britannia Fifty Fifty 62 G",1,0,visible,,,,,taxable,,1,,,0,0,,,,,1,,,0.57,Groceries,,,,,,,,,,,,0,,,,,,,,,,,,,,,,,,,,,,
1885,simple,,,"Kurkure Masala Munch Flavoured Snack",1,0,visible,,,,,taxable,,1,,,0,0,,,,,1,,,1.27,Groceries,,,,,,,,,,,,0,,,,,,,,,,,,,,,,,,,,,,
1886,simple,,,"Haldiram Nimboo Masala 150 Gram Is A Tangy, Spicy, And Crunchy Indian Snack Featuring Zesty Lemon-Flavored Potato And Gram Flour Sticks.",1,0,visible,,,,,taxable,,1,,,0,0,,,,,1,,,1.97,Groceries,,,,,,,,,,,,0,,,,,,,,,,,,,,,,,,,,,,
1887,simple,,,"Bikaji Chips Mast Masala, 80G",1,0,visible,,,,,taxable,,1,,,0,0,,,,,1,,,0.97,Groceries,,,,,,,,,,,,0,,,,,,,,,,,,,,,,,,,,,,
1888,simple,,,"Shan Special Bombay Biryani Masala Mix 60G - Spicy Indian Seasoning For Chicken, Meat & Rice Pilaf |Authentic Indian Biryani Flavor With Natural Spices & No Preservatives",1,0,visible,,,,,taxable,,1,,,0,0,,,,,1,,,1.97,Groceries,,,,,,,,,,,,0,,,,,,,,,,,,,,,,,,,,,,
1889,simple,,,"Britannia Sooji Toast",1,0,visible,,,,,taxable,,1,,,0,0,,,,,1,,,2.98,Groceries,,,,,,,,,,,,0,,,,,,,,,,,,,,,,,,,,,,
1890,simple,,,"Ready To Eat - Dal Makhani",1,0,visible,,,,,taxable,,1,,,0,0,,,,,1,,,2.97,Groceries,,,,,,,,,,,,0,,,,,,,,,,,,,,,,,,,,,,
1891,simple,,,"Gits Heat & Eat Paneer Tikka Masala, 285G",1,0,visible,,,,,taxable,,1,,,0,0,,,,,1,,,3.17,Groceries,,,,,,,,,,,,0,,,,,,,,,,,,,,,,,,,,,,
1892,simple,,,"Sunfeast Mad Angles Achaari Masti 140G",1,0,visible,,,,,taxable,,1,,,0,0,,,,,1,,,1.98,Groceries,,,,,,,,,,,,0,,,,,,,,,,,,,,,,,,,,,,
1893,simple,,,"Surati Indian Pleasures Sev Fine, 341G",1,0,visible,,,,,taxable,,1,,,0,0,,,,,1,,,2.68,Groceries,,,,,,,,,,,,0,,,,,,,,,,,,,,,,,,,,,,
1894,simple,,,"Methi (Fenugreek) Roti",1,0,visible,,,,,taxable,,1,,,0,0,,,,,1,,,2.97,Groceries,,,,,,,,,,,,0,,,,,,,,,,,,,,,,,,,,,,
1895,simple,,,"Shan Chicken Masala Seasoning Mix (50G) For Chicken Breast & Indian Curry, Chicken Tikka, & Marsala - Aromatic Masala For Chicken In Yogurt Sauce",1,0,visible,,,,,taxable,,1,,,0,0,,,,,1,,,2.14,Groceries,,,,,,,,,,,,0,,,,,,,,,,,,,,,,,,,,,,
1896,simple,,,"Bikaji Nut Cracker, 140G",1,0,visible,,,,,taxable,,1,,,0,0,,,,,1,,,0.97,Groceries,,,,,,,,,,,,0,,,,,,,,,,,,,,,,,,,,,,
1897,simple,,,"Shan Chicken Tikka Masala Seasoning (50G) - Authentic Tikka Spice Mix For Chicken Tikka Masala, Bbq & Grilling | Vegan Tikka Masala Sauce, Indian Spices For Tikka Paste & Curry",1,0,visible,,,,,taxable,,1,,,0,0,,,,,1,,,2.14,Groceries,,,,,,,,,,,,0,,,,,,,,,,,,,,,,,,,,,,
1898,simple,,,"Shan Tandoori Masala Seasoning Mix (50G) - Traditional Indian Spice Blend For Tandoori Chicken | Perfect Tandoori Masala Powder, Marinade & Rub For Chicken Breast, Bbq & Grilling | No Preservatives",1,0,visible,,,,,taxable,,1,,,0,0,,,,,1,,,2.14,Groceries,,,,,,,,,,,,0,,,,,,,,,,,,,,,,,,,,,,
1899,simple,,,"Bikaji Aloo Laccha, 140G",1,0,visible,,,,,taxable,,1,,,0,0,,,,,1,,,1.17,Groceries,,,,,,,,,,,,0,,,,,,,,,,,,,,,,,,,,,,
1900,simple,,,"Shan Karahi Seasoning Mix 50G | Authentic Indian Curry Masala For Spicy Chicken & Meat Dishes | Easy To Use Spice Packets For Flavorful Karahi Recipes| Perfect For Gravy & Marinade |",1,0,visible,,,,,taxable,,1,,,0,0,,,,,1,,,2.14,Groceries,,,,,,,,,,,,0,,,,,,,,,,,,,,,,,,,,,,
1901,simple,,,"Shan Korma Masala Seasoning Mix – Authentic Indian Spice Kit For Traditional Korma Curry & Meat In Yogurt Sauce – Ideal For Rich Korma Sauce | No Preservatives | Mughlai Flavor Spice Packet (50G)",1,0,visible,,,,,taxable,,1,,,0,0,,,,,1,,,2.14,Groceries,,,,,,,,,,,,0,,,,,,,,,,,,,,,,,,,,,,
1902,simple,,,"Britannia Pista Almond Cookies 75 G",1,0,visible,,,,,taxable,,1,,,0,0,,,,,1,,,0.98,Groceries,,,,,,,,,,,,0,,,,,,,,,,,,,,,,,,,,,,
1903,simple,,,"Mother'S Recipe Poha, 908G",1,0,visible,,,,,taxable,,1,,,0,0,,,,,1,,,3.97,Groceries,,,,,,,,,,,,0,,,,,,,,,,,,,,,,,,,,,,
1904,simple,,,"Shan Chaat Masala Powder (100G) - Tangy & Spicy Chaat Masala For Indian Snacks & Food – Essential Indian Spices For Fruits & Salads",1,0,visible,,,,,taxable,,1,,,0,0,,,,,1,,,2.14,Groceries,,,,,,,,,,,,0,,,,,,,,,,,,,,,,,,,,,,
1905,simple,,,"Shan Achar Gosht Seasoning Mix (50G) - Spice Packets For Meat In Tangy Pickle Condiments - Authentic Indian Spices For Curry & Gravy - No Preservatives, Gluten-Free & Halal",1,0,visible,,,,,taxable,,1,,,0,0,,,,,1,,,1.97,Groceries,,,,,,,,,,,,0,,,,,,,,,,,,,,,,,,,,,,
1906,simple,,,"Ready To Eat - Punjabi Choley",1,0,visible,,,,,taxable,,1,,,0,0,,,,,1,,,2.77,Groceries,,,,,,,,,,,,0,,,,,,,,,,,,,,,,,,,,,,
1907,simple,,,"Haldiram Cocktail Samosa, Hr Cocktail Samosa",1,0,visible,,,,,taxable,,1,,,0,0,,,,,1,,,5.48,Groceries,,,,,,,,,,,,0,,,,,,,,,,,,,,,,,,,,,,
1908,simple,,,"Shan Meat Masala Seasoning Mix (100G) - Authentic Indian Spices For Flavorful Meat Curry - Versatile Masala Spice Blend For Mutton, Chicken, And Kebab Dishes",1,0,visible,,,,,taxable,,1,,,0,0,,,,,1,,,2.14,Groceries,,,,,,,,,,,,0,,,,,,,,,,,,,,,,,,,,,,
1909,simple,,,"Gits Heat & Eat Dal Makhani, 300G",1,0,visible,,,,,taxable,,1,,,0,0,,,,,1,,,2.38,Groceries,,,,,,,,,,,,0,,,,,,,,,,,,,,,,,,,,,,
1910,simple,,,"Whole Wheat Roti 15P",1,0,visible,,,,,taxable,,1,,,0,0,,,,,1,,,3.94,Groceries,,,,,,,,,,,,0,,,,,,,,,,,,,,,,,,,,,,
1911,simple,,,"Kohinoor Everyday Basmati Rice 8Lb",1,0,visible,,,,,taxable,,1,,,0,0,,,,,1,,,13.47,Groceries,,,,,,,,,,,,0,,,,,,,,,,,,,,,,,,,,,,
1912,simple,,,"Shan Butter Chicken Seasoning Mix (50G) - Authentic Indian Masala Spice Mix For Rich Butter Chicken Sauce & Curry | Ideal For Indian Butter Chicken, Butter Masala, And Curry Chicken",1,0,visible,,,,,taxable,,1,,,0,0,,,,,1,,,2.14,Groceries,,,,,,,,,,,,0,,,,,,,,,,,,,,,,,,,,,,
1913,simple,,,"Crispy Traditional Style Garlic Stone Baked Tandoori Naan",1,0,visible,,,,,taxable,,1,,,0,0,,,,,1,,,3.03,Groceries,,,,,,,,,,,,0,,,,,,,,,,,,,,,,,,,,,,
1914,simple,,,"Bikaji Chips Pudina Treat, 80G",1,0,visible,,,,,taxable,,1,,,0,0,,,,,1,,,0.97,Groceries,,,,,,,,,,,,0,,,,,,,,,,,,,,,,,,,,,,
1915,simple,,,"Haldiram Alu Bhujia 150 G",1,0,visible,,,,,taxable,,1,,,0,0,,,,,1,,,2.08,Groceries,,,,,,,,,,,,0,,,,,,,,,,,,,,,,,,,,,,
1916,simple,,,"Bikaji Soya Sticks, 140G",1,0,visible,,,,,taxable,,1,,,0,0,,,,,1,,,1.17,Groceries,,,,,,,,,,,,0,,,,,,,,,,,,,,,,,,,,,,
1917,simple,,,"Pti Poha Medium 800G",1,0,visible,,,,,taxable,,1,,,0,0,,,,,1,,,2.47,Groceries,,,,,,,,,,,,0,,,,,,,,,,,,,,,,,,,,,,
1918,simple,,,"Kfi Butter Chicken Sauce",1,0,visible,,,,,taxable,,1,,,0,0,,,,,1,,,6.47,Groceries,,,,,,,,,,,,0,,,,,,,,,,,,,,,,,,,,,,
1919,simple,,,"Britannia Good Day Cashew Cookies 75 G",1,0,visible,,,,,taxable,,1,,,0,0,,,,,1,,,0.98,Groceries,,,https://yogisdepot.com/wp-content/uploads/2026/08/Britannia-Good-Day-Cashew-Cookies-75-G.avif,,,,,,,,,0,,,,,,,,,,,,,,,,,,,,,,
1920,simple,,,"Ready To Eat - Pav Bhaji",1,0,visible,,,,,taxable,,1,,,0,0,,,,,1,,,2.77,Groceries,,,,,,,,,,,,0,,,,,,,,,,,,,,,,,,,,,,
1921,simple,,,"Verka Jeera Cookies",1,0,visible,,,,,taxable,,1,,,0,0,,,,,1,,,6.97,Groceries,,,,,,,,,,,,0,,,,,,,,,,,,,,,,,,,,,,
1922,simple,,,"Verka Punjabi Vegetarian Cookies, 2.5Lbs",1,0,visible,,,,,taxable,,1,,,0,0,,,,,1,,,6.97,Groceries,,,,,,,,,,,,0,,,,,,,,,,,,,,,,,,,,,,
1923,simple,,,"Britannia Milk Rusk 560 G",1,0,visible,,,,,taxable,,1,,,0,0,,,,,1,,,5.32,Groceries,,,https://yogisdepot.com/wp-content/uploads/2026/08/Britannia-Milk-Rusk-560-G.avif,,,,,,,,,0,,,,,,,,,,,,,,,,,,,,,,
1924,simple,,,"Verka Sooji Biscuits, 2.5Lbs",1,0,visible,,,,,taxable,,1,,,0,0,,,,,1,,,6.97,Groceries,,,,,,,,,,,,0,,,,,,,,,,,,,,,,,,,,,,
1925,simple,,,"Verka Punjabi Vegetarian Whole Wheat Baked Cookies, 2.5Lbs",1,0,visible,,,,,taxable,,1,,,0,0,,,,,1,,,6.97,Groceries,,,,,,,,,,,,0,,,,,,,,,,,,,,,,,,,,,,
1926,simple,,,"Bikaji Savoury Delight Variety",1,0,visible,,,,,taxable,,1,,,0,0,,,,,1,,,11.25,Groceries,,,,,,,,,,,,0,,,,,,,,,,,,,,,,,,,,,,
1927,simple,,,"Verka Gur (Jaggery) Biscuits, 2.5 Lb",1,0,visible,,,,,taxable,,1,,,0,0,,,,,1,,,6.97,Groceries,,,,,,,,,,,,0,,,,,,,,,,,,,,,,,,,,,,
1928,simple,,,"Nat Seekh Kabab",1,0,visible,,,,,taxable,,1,,,0,0,,,,,1,,,1.96,Groceries,,,,,,,,,,,,0,,,,,,,,,,,,,,,,,,,,,,
1929,simple,,,"Nat Punjabi Chana",1,0,visible,,,,,taxable,,1,,,0,0,,,,,1,,,1.96,Groceries,,,,,,,,,,,,0,,,,,,,,,,,,,,,,,,,,,,
1930,simple,,,"Verka Ajwain Cookies, 2.5Lbs",1,0,visible,,,,,taxable,,1,,,0,0,,,,,1,,,6.97,Groceries,,,,,,,,,,,,0,,"[]",,,,,,,,,,,,,,,,,,,,
